tourCount, initScore, optScore, bestScore, sec
1 ,55.1724 ,8.94354 ,8.94354 ,59.3335
2 ,57.7714 ,8.80323 ,8.80323 ,130.124
