Event, epi, step, time, tourCount, swapCount, nowScore, bestScore, sec 
learn begin ,1 ,1 ,1 ,1 ,0 ,46.8973 ,46.8973 ,0.0002
update best ,1 ,221 ,221 ,1 ,221 ,7.73192 ,7.73192 ,2.52451
local optima ,1 ,222 ,222 ,1 ,221 ,7.73192 ,7.73192 ,2.52463
new initTour ,1 ,222 ,222 ,2 ,0 ,47.1443 ,7.73192 ,2.52476
update best ,1 ,435 ,435 ,2 ,214 ,7.70487 ,7.70487 ,4.8956
local optima ,1 ,436 ,436 ,2 ,214 ,7.70487 ,7.70487 ,4.89571
new initTour ,1 ,436 ,436 ,3 ,0 ,47.0761 ,7.70487 ,4.89584
learn ends ,1 ,438 ,438 ,3 ,2 ,44.6913 ,7.70487 ,5.04678
