Event, epi, step, time, tourCount, swapCount, nowScore, bestScore, sec 
learn begin ,1 ,1 ,1 ,1 ,0 ,50.7322 ,50.7322 ,0.000172
update best ,1 ,227 ,227 ,1 ,227 ,7.76263 ,7.76263 ,3.10499
local optima ,1 ,228 ,228 ,1 ,227 ,7.76263 ,7.76263 ,3.10511
new initTour ,1 ,228 ,228 ,2 ,0 ,45.9468 ,7.76263 ,3.10524
learn ends ,1 ,279 ,279 ,2 ,51 ,20.4656 ,7.76263 ,5.0113
