Event, epi, step, time, tourCount, swapCount, nowScore, bestScore, sec 
learn begin ,1 ,1 ,1 ,1 ,0 ,46.8973 ,46.8973 ,0.000214
update best ,1 ,216 ,216 ,1 ,216 ,7.69278 ,7.69278 ,2.0715
local optima ,1 ,217 ,217 ,1 ,216 ,7.69278 ,7.69278 ,2.07161
new initTour ,1 ,217 ,217 ,2 ,0 ,47.1443 ,7.69278 ,2.07173
update best ,1 ,440 ,440 ,2 ,224 ,7.67971 ,7.67971 ,4.17481
local optima ,1 ,441 ,441 ,2 ,224 ,7.67971 ,7.67971 ,4.17494
new initTour ,1 ,441 ,441 ,3 ,0 ,47.0761 ,7.67971 ,4.17506
learn ends ,1 ,461 ,461 ,3 ,20 ,33.511 ,7.67971 ,5.01842
