tourCount, initScore, optScore, sec 
1 ,50.7322 ,7.43451 ,7.43451 ,0.74136
2 ,45.9468 ,7.61191 ,7.43451 ,1.32864
3 ,46.4732 ,7.82216 ,7.43451 ,1.94544
4 ,49.3006 ,7.71019 ,7.43451 ,2.62189
5 ,47.0921 ,7.67643 ,7.43451 ,3.23689
6 ,48.1877 ,7.76656 ,7.43451 ,3.85348
7 ,48.185 ,7.57311 ,7.43451 ,4.4996
8 ,49.343 ,7.69753 ,7.43451 ,5.14101
