Event, epi, step, time, tourCount, swapCount, nowScore, bestScore, sec 
learn begin ,1 ,1 ,1 ,1 ,0 ,50.7322 ,50.7322 ,0.000164
update best ,1 ,242 ,242 ,1 ,242 ,7.81401 ,7.81401 ,2.56994
local optima ,1 ,243 ,243 ,1 ,242 ,7.81401 ,7.81401 ,2.57007
new initTour ,1 ,243 ,243 ,2 ,0 ,45.9468 ,7.81401 ,2.57018
update best ,1 ,453 ,453 ,2 ,211 ,7.70437 ,7.70437 ,4.59464
local optima ,1 ,454 ,454 ,2 ,211 ,7.70437 ,7.70437 ,4.59476
new initTour ,1 ,454 ,454 ,3 ,0 ,46.4732 ,7.70437 ,4.59488
learn ends ,1 ,462 ,462 ,3 ,8 ,41.012 ,7.70437 ,5.01509
