tourCount, initScore, optScore, sec 
1 ,46.8973 ,7.73079 ,7.73079 ,0.578148
2 ,47.1443 ,7.67433 ,7.67433 ,1.18769
3 ,47.0761 ,7.64774 ,7.64774 ,1.78903
4 ,46.5074 ,7.69389 ,7.64774 ,2.45749
5 ,48.2635 ,7.72493 ,7.64774 ,3.0765
6 ,46.6981 ,7.53344 ,7.53344 ,3.64312
7 ,45.5392 ,7.72271 ,7.53344 ,4.25104
8 ,49.2669 ,7.76517 ,7.53344 ,4.97406
9 ,48.0409 ,7.64019 ,7.53344 ,5.60459
